trade_label,trade_code,company_name,street,suburb,state,postcode,phone,fax,sector
Bricklaying,bricklaying,BRIC(5A BNICKS AUSTRALIA SERVICES PTY LIIIITED  6847,,,,,02 9452,,29YBRI
Bricklaying,bricklaying,T / ASi PGH BRIKS & PAVERS 75 TOWNSON ROAD ASPECSV A5PEC IIA5Ol{RY SERVICES PTY LTD  5765,,SCHOFIELDS,NSW,2752,02 9790,,04YBRI
Bricklaying,bricklaying,"UNITB8, TL-L5 MOXON RD PUNCHBOtdL N5W 2195 BROBTISI' BROBRIK I{SII PTY. LTD (02)95843999 (A2)95843111 04YBRr 23 Bullecount Avenue crs CIS Conrina taall Systets Pty Ltd 04YBRl 6/26 James Stneet DJDBRI DJD BRICT & BLOCTLAYITIG PTY I-IIIITED A3855 (A2)9s4A4L90",MILPERRA NSW 2214,LIDCOMBE,NSW,2141,(02)954,,04YBRI
Bricklaying,bricklaying,"GROUND FLOOR 53-57 !l,ARATAH STREET FAVETO'. FAVETTI PTY LTD (s2)9426340A (02)94263411 04YBRr 17 GARNER PLACE FUGETI FUGETI GROUP OF COIIPATIIES 02 9289 37AA 02 9289 3755 04YBRr LEVEL 1 9-13 UNDERT^1000 STREET BOTANY N5!\l 2019 SCROSSII SOUTHERI{ CROSS IIASOTRY COIITRACTORS PTY LTD 4573 L57t 4s73 L573 04YBRr P0 B0x 209 LAIIIOGR Lario GPoup of Cotpanies 99A5 27 66 O4YBRI Unit 1 14 PowelIs Road BROOKVALE N5t.'l 21OO AUSnASO AUSTRAL ltASOilRY (I{Sr) PTY tTD 22YBR] 4 LATITUDE ROAD HORSLEY PARK NSt^l 2175 CSRBUIL C5R BUILDIlIG PRODUCTS LIIIITED (03)92L22222 (03)92122111 31YBRr T/As: VIRIDIAN 95 6neens Road DANDENONG VTC fL75",KIRRAWEE NSW 2232,INGLEBURN,NSW,2565,,,
Civil,civil_infrastructure,"UNTTEDX UGL ET{GIIIEERII{G PTY LIIIITED 029 4621 444 o294621599 3 1YC rV LeveI 8 40 MilIen Stneet NORTH SYDNEY NSl.l 2060 FULTOlIH FULTOII HOGATI COTISTRUCTIOTI PTY LTD (02)8346942A (A2)83469444 31YCrV LeveI 3, 61 Dunning Avenu ABrCrVr ABr-CrVrL COt{TRACTTIlG SERVTCES (ilSr) PTY LTD t3ao22 42 48 O4YCIV Unit E2 255 Rawson Stneet AUBURN N5lll 2144 CHERRIE CHERRIE CIVIL ETIGI]IEERII{6 PTY LTD o2 a824 8225 82 4824 3096 a4YCIV UNIT 427 T4-T6 LEXINGTON DRIVE BELLA VISTA N5W 2153 COIIOSER Cono SerYices Pty Ltd a2 9A29 8358 04YC rV 1631A BOTANY ROAD BOTANY NSI{ 2019 IIAIIILOl IIAIIILA]ID CIVIL PTY LIIIITED (o2)8566!LtL (02)8566trOA 04YCrV !92-t94 Railway Panade ltorTilSH HorTs (llsH) PrY LTD ag26 rTao O4YC IV I42 WICKS ROAD MACQUARIE PARK NStd 2113 ZEI{ITIO Zenith Iorkforce Aust Pty Ltd o49799]993 O4YC IV f / Asi Zen con Gnoup Aust Unit 115 33 texington Drive RAI lIG P RAII{BOT GROUP PTY LTD 02 8748 0900 02 4708 0999 o4YCIV 5 GATtI0OD CLOSE PADSTOlll NSt,l 2211 HASSOilP THE TRUSTEE FOR THE HASSOTI PROfECTS TRUST 02 9525 3181 o4YCTV T/As: HASSON PROJECTS PTY LTD c26Z - 17 tdURROCK CT DARAGRP DARACO]I GROUP + 02 4974 9200 02 495L LO70 o1YCIV 2A KULLARA CLOSE I OHilHO fOHII HOLLAI{D PTY LTD 9552 4Z8A 9664 L720 01YCrV LEVEL 3 65 PIRRAMA ROAD DARAGRP DARACOTI GROUP I 02 4974 9200 02 495L LO70 17YCrV 2O KULLARA CLOSE BERESFIELD N5v'l 2322 EIROZ Einoz Pty Lirited o4L97 55838 22Y CTV 130 Eeaconsfield Street SILVERWATER NShI 2128 THEOSBR THEOS BROS. (AU5T-) PrY LrD (02)83se0s55 (02)83ee2e23 04YCrv SUITE 3 52.54 MCEVOY STREET tllATERLOO N5W 2017 *+ END OF REP0RT **",ROSEBERY NSW 2018,KOGARAH NSW 22].7,,22].7,,,
Cleaning,cleaning,DELUXEC THE TRUSTEE FOR DELUXE CLEATIITG UIIITY TRUST L30Af 6442t L395364459 04YC L E T/AS: DELUXE CLEANING PTY LTD 92 KINGSTON STREET GREE]IVI GREEIIVIEII COTISTRUCTIOTI CLEATIIXG SERVICES PTY LTD  !632 A2 9725 4335,,HABERFIELD,NSW,2045,02 9757,,04YCLE
Cleaning,cleaning,UNIT 3O 72 - 8O PERCIVAL ROAD SMITHFIELD NSt4l 2164 P&ECLEA P & E GNOUP (AUsT) PTY LTD o29645487 3 9 645 4144 O4YC L E unit 29/85-115 Alfned Roa,CHIPPING NORTON NSW 2T7O,,,,,,
Commercial Builders,head_contractor,TRAIISF VETTIA AUSTRALIA PTY LTD 13 9464 t6A9,,,,,00 857729,,02YBLD
Commercial Builders,head_contractor,LeveI 13 111 Pacific Hwy HICKORY The Trustee for Hickory HR Unit Trust o 42L2163 66 O4YBLD I/Asi Hickony HR Pty Ltd LeveI 5 68 CIanke Stneet VAUGHAII VAUGHAII COIISTRUCTIOTIS PTY. I-TD. s44 (A2)9sA24463,NORTH SYDNEY NSW 2O6O,SOUTHBANK VIC 3OO5,,3OO5,(02)95024,,04YBLD
Commercial Builders,head_contractor,9A COMMERCIAL ROAD KINGSGROVE NSt^l 2208 BUILDCO BUILDCORP GROUP PTY LIIIITED 02 9565 00gO 02 9565 AO20 a4YBLD LEVEL 4 1O MALLETT STREET BROOXAU ITULTIPLEX AUSTRALASIA PTY LTD  929322 2AOL,CAMPERDOWN NSW 2O5O,,,,029322 2009,,04YBLD
Commercial Builders,head_contractor,"LEVEL 22 135 KING STREET SYDNEY N5W 2OOO ROBltSL noBERTS CO (ilsr) PTY LrD 02 8277 0LL9 04YB LD LEVEL 9, 6O CASTLEREAGH 5 FDC FDC o2 a!77 5035 02 9566 2900 A4YBLD 22-24 Junction Stneet FOREST LODGE N5lll 2037 IOH]IHO JOHII HOLLATID PTY LTD 95s2 4284 9669 !724 04YB LD LEVEL 3 65 PIRRAMA ROAD ICOilCOR ICOil CORPORATE SERVICES PTY LTD O4YBLD LEVEL2, 179 NE!\l SOUTH HEA EDGECLIFF NS!\l 2027 TAYLORP TAYLOR COlISTRUCTIOlI GROUP PTY LTD 02 88a4 9AgO O2 Aa24 75Lr a4YBLD LeveI 15 LOO Pacific Hithway NORTH SYDNEY N5!\l 2O5O TATPACII BESIX IATPAC PTY LTD 02 a74L 740A O2 874L 740t A YSLD Level 10, 155 Clanence 5t IIIRVACC IIIRVAC COlISTRUCTIOilS PTY LTD 429 08s8AOO o29g808rLr",SYDNEY NSW 2OOO,PYRMONT NSW 2OO9,,2OO9,,,04YBLD
Commercial Builders,head_contractor,LEVEL 28 2OO GEORGE STREET BUILTIIS BUILT PTY LIIIITED (02)83324LL7 (02)83324L99 04yBLD 4/L85 Clarence Stneet SCETITR SCEI{TRE DESIGII AIID COIISTRUCTIOlI PTY LIIIITED 9 9 0L6805 9 928a5 00 O4YBLD LEVEL 4 1OO MARKET STREET ADCOCOTI ADCO COlISTRUCTIONS PTY LTD 424437 5 o284375,SYDNEY NSW 2OOO,SYDNEY NSW 2OOO,,2OOO,003,051,04YBLD
Commercial Builders,head_contractor,"LEVEL 2 7-9WESTSTREET LEIGHTO CPB COlITRACTORS PTY LIIIITED 02 8422 r80a O4YBLD Level 2 177 Pacific Highway HATSElIY HAIISEII YUl{C(EIf PTY LTD 97 7 07 660 97 7 07 60! O4YBLD BUILD]NG 1 SOUTH, LEVEL 3 75-85 O'RIORDAN STREET . ALEXANDRIA NStd 2015 AIIEDTAR A.l.. EDI'ARD5 PTY LTD ao3 67 200 99586208 O4YBLD LeveI 12 558 Pacific Highway HIIIDITAR HIIfDIIARSH COXSTRUCTIOlI AUSTRALIA PTY LTD 6247 4999 6248 A7 57 04YB LD 71. CONSTITUTION AVENUE QA]ISTRU QAIISTRUCT (AUST ) PTY LTD 03 98LA 8300 03 98LA 8399 o4YBLD Suite 13.02,LvI 13,68 Yon SYDNEY N5t,'l 2OOO TEXCOCO Texco Contracting Pty Ltd o4'J.9 699 2aO 04YB LD Suite 3.01 184 Bounke Road IIAIIIBRC ITAIilBRACE COIISTRUCTIOlIS PTY LIIIITED 94381666 9434t777 O4YBLD LEVEL 4 L7O PACIFIC HIGHWAY BOVISLE LETID LEASE BUILDIilG PTY LTD 02 9236 6LLt 9499 A440 O4YBLD LEVEL 14 T0tlER 3 INTERNAT TOIdERS 3OO BARANGAROO AVE BARANGAROO NSl\l 2OOO RICHAO1 RICHARD CROOXES COilSTRUCTIOilS PTY LIf,ITED A 429439LlL4",NORTH SYDNEY NSW 2O5O,NORTH SYDNEY NSW 2O6O,,2O6O,02998247 0,,04YBLD
Commercial Builders,head_contractor,LeveIs 13l14 558 Pacific Highway DASCOAU DASCO AUSTRALIA PTY LTD 02 975A 7700 02 975a 7255 A4YBLD LEVEL 2 9 GEORGE STREET NORTH STRATHFIELD NStd 2137 HUTCH f HUTCHITSOII PTY LTD at 44244O 93137386 O4YBLD T/As: HUTCHINS0N BUILDERS 23 DUNNING AVE ** END OF REPORT **,ST LEONARDS NSW 2065,ROSEBERY,NSW,2018,,,
Concrete,concrete,"DEIIARTI DE IIARTTil & GASPARTilT PTY LIIIITED 97 4a5tOA 4297 48QO4t 04YC 0N T/ASi OE MARTIN & GASPARINI LOT 5 HILL ROAD SYCIVIC SYDIIEY CIVIC COIITRACTI116 PTY LTD a4!0444446 04YC0N 31 ArnoId Stneet HAYDESC Haydes Concrete Pty Ltd a4a4a9 3aoa 04YC0N P0 Box 162 KINGSGROVE NStd 1480 CITYCOil CTTY COTICRETE PTY LTD 64779L99Lt a4YC0N PO BOX 98 CANTERBURY NSt^, 2193 AZZCOilC AZZURRI COIICRETE GROUP PTY LITTITED L3 4O299 A7 7 97 42t633 94YC0N 5 FRANK STREET ZEtIITIO Zenith l.onkforce Aust Pty Ltd o497 993993",HOMEBUSH NSW 2140,5T MARYS,NSW,2760,,,04YCON
Concrete,concrete,T/As: Zencon Gnoup Aust Unit 115 33 Lexington Dnive BELLA VISTA NSl\l 2153 BNIJOCC BRI]O COTICRETE COlITRACTORS PTY LTD o297 453402 o297 453502,,,,,,,04YCON
Concrete,concrete,].0 R EGATTA ROAD COIICSTR COTICRETE STRUCTURES GROUP PTY LTD 02967L 8709 02 967! 2981 04YC0N 32 TATTERSALL ROAD LOTOSCO LOTOS COilCRETORS PTY. LIIIITED 429 644 43 6A 4296044800 04YC0N 3 SLEIGH PLACE tdETHERILL PARK NStll 2164 TRAIIIoA Tpaino Group Australia Pty Lirited 62 9723 tTAA,FIVE DOCK NSW 2046,KINGS PARK,NSW,2148,,,04YCON
Concrete,concrete,LeveI 18 2-L2 Macquarie Stneet PARRAMATTA N5W 2150 PRESTOTI PRESTOTIS COIICRETORS PTY LII'IITED a4ta605a57 (o2)96,,,,,085756,,04YCON
Concrete,concrete,9 GASCOGNE STREET PREST0NS NSbt 2170 RSCOilSC RS Construction Concpete Pty Ltd 0407L54791 04YC0N 55 Model Fanms Road (ItGSCO (intston Concrete Pty Ltd o457 64L247 04YC0N PO Box 991 CotlzPE Conzpec Concnete Pty Ltd 9 420 6f 52 o4YCON 4 Somenset Street COlICREE COTICRETE STRUCTURES PTY LIIIITED g2 9772 2799 02 9772 2744 a YCON 14 Hanris 5t *+ END OF REPORT **,WINSTON HILLS NSW 2153,MASCOT,NSW,1460,,,
Formwork,form_work,FTCAUST FTC Austnal Forl Australia Pty Ltd o4LLL5327 2 O4YFOR P0 Box 4153 ENFIELD SOUTH N5ltl 2133 IIIDEPTY I'IDEFORIt PTY LTD 4224  LA47,,,,,0304 4272,,94YFOR
Formwork,form_work,245 BERKELEY ROAD BUIFORll Build Forruork Contractors Pty Ltd a42134037 4 O4YFOR P0 Box 3095 LIVERPOOL NSbI 2170 TRAIIFOR Transforr Forrrork Contractors Group Pty Ltd,,UNANDERRA,NSW,2526,0450099992,,04YFOR
Formwork,form_work,"9 Fnank Stneet WETHERILL PARK N5!\l 2164 n2SUSTA ll2 Sustainable Services Pty Ltd o 40 4445 047 O4YFOR T/As: Metsquare P0 Box 1093 UNANDERRA NStil 2526 H]KLABR Hf( IIATIAGEIIETIT SOLUTIONS PTY LTD O4YFOR 370 Fifteenth Avenue AUSTRAL NShl 2179 PIiltIIOR Pinnacle llorks Pty Ltd O4YFOR Unit 27 55 Manigold Street REVESBY N5l,'l 2212 AI.ADFOR Aradforr Pty Ltd 4468 678 369",,,,,,,04YFOR
Formwork,form_work,15 Bolton Stneet ICPGROU ICP Group Pty Ltd o46867 4369 O4YFOR 18 Longland Stneet XATCOR (at Corp Constructions Pty Ltd 0416930933 O4YFOR PO Box 2!44 UTIICO]IT UTITED COlISTRUCTIOTS PTY LTD o 43 405 415 ! O4YFOR 93 HAROLD STREET ESTIIIAT Estirate Forr Pty Ltd o420 69 L9 5 3 O4YFOR 41 Rosemont Avenue IIETCAS llercastle-Hunten Constnuctions Pty Ltd o4L8955778 O4YFOR 97=99 Bathunst Sneet SYDNEY N5lll 2OOO EBT3 g 42 E14PLOYMENT LIST DATE 7/rO/2s PAG E 2 SYDFORS SYDI{EY FORIIIIORK SOLUTIOIIS PTY LTD,GUILDFORD NSW 2161,NE!\lSTEAD QLD 4OO6,,4OO6,,,04YFOR
Formwork,form_work,"97.99 BATHURST STREET SYDNEY NSlt'l 2OOO RSCOilST R5 COIISTRUCTIOTI GROUP PTY LTD 0413452627 O4YFOR 51 GRAHAM ST AUBURN NSlll 2144 ATACIAP ATACIA PTY LTD 9422093822 A2 9793 9544 04YF0R T/As: CALCONO FORMWORK CONTRACTORS r5A6-t6OO CANTERBURY ROAD I'ESTPO I'ESTPOIIIT FORIITIORK PTY LTD o2 9744 693! O4YFOR 2-4 Minnie Street AFFABRI A & F FABRICATIOIIS PTY LTD 02 4271 3794 O4YFOR T/As: SANTANA STUDWELDING 17 WAYNOTE PLACE UNANDERRA NSt,l 2525 L H FONll LH Forr Pty Ltd o40to5t7 a6 O4YFOR 118 Bassett Stneet HURSTVILLE NSl,l 2220 ltrltEvE tlineveh Group Pty Ltd O4YFOR 20 Hanold Stneet FAIRFIELD N5W 2165 rcFoRfir{ r. c. FoRrtlloRK (1{5ll) PTY LTD 02 6260 1260 A2 6260 1842 o4YFOR 1 COURANGA CRESCENT ++ END OF REP0RT **",PUNCHBOWL NSW 2196,BELMORE,NSW,2192,,,
Gyprock,internal_walls,"ALKOIICO ALKOTI COlISTRUCTIOTIS PTY LTD 977207 14 97744792 O4YGYP UNIT 37l65 MARIGOLD STREE BUILDA2 BUILDUP ITITERIOR PTY LTD 02 97La 5L97 02 97!8 5391 o4YGYP 19 BEAUMONT STREET CAMPSIE NSlll 2194 CIIGROUP CII GROUP PTY LTD 97 49A490 O4YGYP LEVEL 1 724 BOTANY ROAD CUSTtlSll custor Ceilings (il5I) Pty ttd o2 9999 5556 O4YGYP LeveI 3, 73 !\lalken St NORTH SYDNEY NShI 2O6O HUTITTON HUilTIIORTH AUSTRALIA PTY LTD a2 972A 3393 g2 9726 6974 a4YGYP T/AS: DUNRITE LININGS UNIT 8 3A - 62 HUME HIGHT^lAY rt{Tt{sH Interion llorks llSI Pty Ltd 02 9451 22Lt 02 945r OOLL o4YGYP 6A !\londenland Dnive SALCEIL SALEX CEILITIGS PTY LTD 9793 3303 O4YGYP 350 Hume Highway BANKSTOtt'lN NSl'l 22OO STGEORI 5T GEORGE ITITERIORS PTY LTD 8773 8898",REVESBY NSW 2212,MASCOT NSW 2O2O,,2O2O,,,04YGYP
Gyprock,internal_walls,Unit 1 92 Btyant Street PADSTOW N5W 2211 SYDTIEY SYDI{EY PLASTER PTY LTD 97 42 59aA 97 42 5999 O4YGYP 11-15 GOULD STREET STRATHFIELD SOUTH N5W 2136 5YD PRO sYDilEY PROtECTS CO (AUSTRALTA) PrY LTD (a2)96A47OAt (O2)87s63s99,,,,,,,04YGYP
Gyprock,internal_walls,"UNIT A,28-32 Egenton 5t SILVERt,lATER NSt{ 2128 XCLUSIV X_CLUSIVE GROUP AUSTRALIA PTY LTD 02 9725 4844 82 9725 4944 o4YGYP SUITE 5, T2-L6 DANIEL ST BRICEIL BRIGHTOTI CETLIilGS PTY LIIIITED (a2)9599L6LL (O2)9s99L766 S4YGYP 65 THE GRAND PARADE AUSTRAI AUSTRAL FITOUT PTY LTD 9519 1758 o2 9fL6 9",WETHERILL PARK NSW 2164,BRIGHTON.LE-SAND5,NSW,2215,091,,04YGYP
Gyprock,internal_walls,Go6/LgO Collins Stneet (I{AU F ETEX AUSTRALIA PTY LTD LlooT 24545,,ALEXANDRIA,NSW,2015,,,26YGYP
Gyprock,internal_walls,31 MILITARY ROAD MATRAVILLE N5!'l 2036 RGPROJE RG Project GrouP PtY Ltd o40g 557 777 O4YGYP 65 Passefield stneet Unit 18 16 Bennena Road PRESTONS N5l.'l 2170 BUILDO3 Buildup Interior Aust Pty Ltd a2 97ra5L9t O4YGYP L9 Beaumont Street DURI|COC DURilCO COllltERCrAL (ilSr) PrY LTD 9 6082 488 9 6482209 O4YGYP UNIT 2 239 KURRA]ONG ROAD GOALTilT GOAL ITTERIOR PTY LTD o 4 49 !83868 O4YGYP UNIT 31 110 BOURKE ROAD ** END OF REPORT **,LIVERPOOL NSW 2170,LIBRAA Libra Australia ilsL/ACT Pty Ltd 02 9!59 39L9 O4YGYP,,O4YGYP,,,
Labour Hire,labour_hire,"VARIIIOR VARI I'ORKFORCE PTY LTD a2 979A 3900 02 8458 6L82 a4YLHI UNIT 3 42-50 Violet St VHORTISII VARI TIORKFORCE 1{5II PTY LTD L30AOO827 4 O4YLHI uNrr 3, 42-50 VT0LET ST REVESBY NSl,l 2212 ZEIILORX zenith Horx Pty Ltd 02 8732 8444 O4YLHI Suites LL5-!L6 33 Lexington Road SYDIIEYL SYDT{EY LABOUR & COI{STRUCTIOI{ PTY LTD 02 95sQ 59s4 02 5506 6954 04YLHr T/As: SYDNEY LAB0UR UNIT G2 88-99 PRINCESS HIGHWAY KOGARAH NS!\l 2217 IIASS LO1 lIAS5 LABOUR PTY. LIIIITED 02 9738 L5L! 02 9738 1276 a4YLHI LZ Epic Place VILLAhIOOD NSlll 2153 ARGUSLH Apgus Labour Hire (tSI) Pty ttd 046A 748 667 O4YLHI 691 Burke Road zElfiloR zenith Horx llsL Pty Ltd 8732 8444 O4YLHI Suites 115-115 33 Lexington Drive BELLA VISTA N5W 2153 ++ END OF REPORT **",REVESBY NSW 2212,BELLA VISTA,NSW,2153,,,
Mobile Cranes,mobile_crane,ALLCRA]I ALL CRAIIES 4 HIRE PTY LTD 6488 272 637,,,,,,,31YMOB
Mobile Cranes,mobile_crane,T/As: TOPGUN CRANES P0 B0x 496 AIICCRT AIIC CRAIIES PTY LTHITED s4o7955569 (OZ)45878891 31YM0B 173 SANCTUARY DRIVE WINDSOR DOWNS NShI 2756 BORGERC BORGER CRA]IE HIRE & RIGGIIIG SERVICES PTY LTD 629432rLO33,,R]VERSTONE,NSW,2765,044 429832,,31YMOB
Mobile Cranes,mobile_crane,4O KILTO CRESCENT GLENDENNING NStl 2761 COOPENS COOPERS HEAVY ITIDUSTRIES PTY LIIIITED 4415534251,,,,,,,31YMOB
Mobile Cranes,mobile_crane,T/As: COOPERS CRANES 2A OAK STREET COSIIOGP COSIIO IIOBILE CRAIIES PTY LTD  34gA,,PARRAMATTA,NSW,2150,02 9723,,31YMOB
Mobile Cranes,mobile_crane,28 RIVERSIDE ROAD EVERTIL EVERTILLIilG CRAIIES PTY LIIIITED 98923377 94923966 3 lYMO B L43-T45 WOODPARK ROAD Smithfield NS!\l 2164 FULLERS FULLERS ITOBILE CRAI{ES PTY LTD 97 60LAOA 97 69t400 3 lYMO B LZ5 - t27 WOODPARK ROAD SMITHFIELD N5t.'l 2164 HAR L EY HARLEY CRATES GROUP PTY LIIIITED  LOOO  1111,,CHIPPIN6 NORTON,NSW,2170,02 9734,,31YMOB
Mobile Cranes,mobile_crane,15 Stinson Cnes(Hanger 12 BANKST0t^lN N0RTH N5ltl 2200 llARN IIARR COIITRACTIXG PTY LTD (a2)9738ss33 (A2)e64s6875 31yM0B 2 CHISHOLM ROAD 5EFT0N N5t'l 2162 IIELROO1 IIELROSE CRAIIES & RIGGITG PTY. LTD. 9 624L9 44 9624L233,,,,,,,31YMOB
Mobile Cranes,mobile_crane,r27 -L29 STATION ROAD SEVEN HILLS NShI 2147 IIETROCR }IETRO CRA]IE SERVICES PTY LTD 62 989A 9A43,,,,,,,31YMOB
Mobile Cranes,mobile_crane,65 OWEN STREET GLENDENNING NStd 2761 PERFCRA PERFORIIATICE CRAIIES & RIGGIlIG PTY LTD 82 9833 44aO g2 9833 448L,,,,,,,31YMOB
Mobile Cranes,mobile_crane,11 LEE HOLM ROAD pRESilSH pRESTOil HrRE (r{5r) PTY LrfirTED r80044055A A297484575 31YM0B UNIT 3 1O TARLINGTON PLACE SMITHF]ELD NShI 2164 ULTRALI ULTRA-LIFT CRAIIES PTY LTD  8830 t 1006,,5T MARYS,NSW,2760,02 9622,02 967,31YMOB
Mobile Cranes,mobile_crane,T/As: TtllO WAY CRANES GROUP 37 COX PLACE GLENDENNING NSbI 2751 UIIITED UTIITED IIAI{AGEIIETIT IfSII PTY LTD 02 967t 6626 A2 9521 8502 31YM0B 16 HEALEY CCT SYDGLLI SYDI{EY GLASS LIFTERS PTY LTD a4tt 429 At3 A2 96!A 2145,,HUNTINGWOOD,NSW,2148,,,31YMOB
Mobile Cranes,mobile_crane,"PO BOX 34 r&rcRA ] & I CRAIIE SENVICES PTY LTD 02 9608 4058 02 960a 9518 31YM0B 5O OVERETT AVE KEMPS CREEK NSI,{ 2178 BOrl5LO2 BOOrl LOGISTTCS LTD (2) SrlrctETOll o2 6572 1777 02 6572 4957 31YM0B 2O HAMBLEDON HILL llsllcRAll IISH Cranes Pty Lirited 3 lYMO B 49 Industnial Road TGCGR P IIGC CRA]IE GROUP PTY LTD 82427 t6tLt a2427t2tLt",FRENCHS FOREST NSW 1540,SINGLETON,NSW,2330,,,31YMOB
Mobile Cranes,mobile_crane,49 INDUSTRIAL ROAD IHEELSA IHEELER CRAIIES & SERVICE5 PTY LIITITED (s2)4964999L (A2)49649992 31yM0B 6 MCINTYRE ROAD TOMAGO NShl 2322 TOI'II5CR TOIIlIS CRAIIES PTY LTD  8t9,,UNANDERRA,NSW,2526,0487 272,,31YMOB
Mobile Cranes,mobile_crane,P0 BOX 7541 ALLIEDC ALLIED HIRE PTY LIIIITED 3 lYMO B T/As: ALLIED CRANE HIRE 1 SIR HENRY PARKES AVE FREOGR FNEO GROUP PTY LTD (a2)654L720t (O2)654L7299 31yMOB 2A STRATHMORE ROAD MUS!'lELLBROOK NS!\l 2333 IGCGR P TGC CRAXE GROUP PTY LTD 42427 76LLt 02427L2LLL 31YM0B 49 INDUSTRIAL ROAD UNANDERRA NSlll 2526 IIIPACTC IIIPACT CRAIIES PTY LTD 4404]37 7 88,SOUTH PENRITH NSW 2754,MEDO!\lIE,NSW,2318,,,31YMOB
Mobile Cranes,mobile_crane,12 ARTILLERY STREET CETTIIES CEIITRAL HEST CRATIE SERVICES PTY LTD 3 lYMO B 47 DEPOT RD ALLOVER ALL OVER RTGGIIfG PTY LIITITED 99t3 1792 99L3 1792,]ORDAN SPRINGS NSW 2747,MUDGEE,NSW,2850,,,31YMOB
Mobile Cranes,mobile_crane,T/As: AOR CRANES 14-16 MCLEAN STREET TRATS Transforrer Cranes Pty Ltd o 4aa4 4099 9 3 lYMO B P0 Box 361 ASSETCR Asset Cranes and Rigting Pty Lirited o4L7 L66425,INGLESIDE NSW 2101,BAULKHAM HILLS,NSW,1755,,,31YMOB
Mobile Cranes,mobile_crane,PO Box 8009 HAIIXESB HAIKESBURY CRATIES PTY LTD o2 9a3a 1999,,WERRINGTON COUNTY,NSW,2747,,,31YMOB
Mobile Cranes,mobile_crane,67 WELLINGTON STREET RIVERSTONE NStl'l 2765 TOLLEtIO Tolleno Hire Pty Ltd L3 tO3 8,,,,,045 0,,31YMOB
Mobile Cranes,mobile_crane,P0 Box 4119 REDIOCH Redrood Constnuction Services (CI) Pty Ltd 1300304052 3 lYMO B Suite 102 Level 1 59 Berny Stneet GAIIUDA Garuda Geo (Australia) Pty Ltd o4aL9L7 447,SHELLHARBOUR NSW 2529,MULGRAVE,NSW,2756,,,31YMOB
Mobile Cranes,mobile_crane,"Suite 26.01 1OA Millen St NORTH SYDNEY NSt^l 2O6O B LAYII BLAYIIEY CRA]IE SERVICES PTY LTD 02 6368 2AA8 02 6368 3646 31YM0B 4A7A MTDWESTERN HWY BLAYNEY NSt^l 2799 DAIISTRU D.A.ll- Structural Steel Pty Ltd 04t847 L7 5! 31Yt{08 T/As: D.A.M. Cranes and Rigging Unit 17 11-19 l,'laIen Cnescent HEGALIF ttega-Lift SoIutions Pty Ltd o 424321 37 7",,SMEATON GRANGE,NSW,2567,,,31YMOB
Mobile Cranes,mobile_crane,133 Pacific Highway MOUNT WHITE NSlt'l 2250 GLOBALC GLOBAL CRATIES PTY LTD o2 654L 720r 3 lYMO B 20 Strathmone Rd MUSl'lELLBROOK NShI 2333 C&CADVA C & C Advanced Rigging Pty Ltd 0432 424 469 3 lYMO B 5 / t4 Hanold Stneet MACQUARIE FIELDS NStt'l 2564 I&ZCRAII I&Z CRAIIES & RIGGI]IG PTY LTD o4g3 226 792,,,,,,,31YMOB
Mobile Cranes,mobile_crane,2 LAVENDER AVE SYDCRAtI Sydney Cnanes Pty Ltd o 412r 6L2L6,,PUNCHBOll'lL,NSW,2196,,,31YMOB
Mobile Cranes,mobile_crane,"I/Asi Sydney cnanes 2B Hill Road GRATITCR BEARD, GRATT LESLEY g 4gag25",,LIDCOMBE,NSW,2141,043,,31YMOB
Mobile Cranes,mobile_crane,T/As: GRANT'S CRANES AND RIGGING 1/6 AUGUSTA STREET UMINA NS!\l 2257 HARDBAK Hard Bakka Rigging Pty Ltd 97 9 67 Aa8,,,,,,,31YMOB
Mobile Cranes,mobile_crane,Unit 2 7-9 SevilIe Stneet FA]RFIELD EAST NSl\l 2L65 ALLEGIA Allegiant Cranes Pty Ltd o47 526!AtL,,,,,,,31YMOB
Mobile Cranes,mobile_crane,"81 Denison Street CARR]NGTON NSt,l 2294 IIIRA}IAX ITIRAIIAX CRAIIES PTY LTD a4ao27 2637 3 lYMO B P0 B0x 1290 25 PARK ROAD IIEIAGEC ller Age Cranes Pty Ltd g4gL7 9tL7 7",,ROZELLE,NSW,2039,,,31YMOB
Mobile Cranes,mobile_crane,PO Box L74 MATRAVILLE N5W 2036 +t END 0F REPORT ** a,,,,,,,
Painting,painting,BRIGHTT BNIGHT HHITE PAI]ITIlIG & DECORATTilG PTY LTD o420 4LAL5 A,,,,,,,04YPAI
Painting,painting,"4 CABRAMURRA STREET IIORRISB C PAITITITG BUILDITIG IISI PTY LTD 0299382597 (s2)99Os9774 O4YPAT '7IO WRYRAIDSR A AVE HARBORD NSt.l 2096 TRESAUS TRESATIBER AUSTRALIA PTY LTD O4Y PA I SUITE 5O8,LVL5, 55 PHILLI PARRAMATTA NSt'l 2150 COR E BU Corebuild 6roup Pty Ltd o 40L60 6005 O4YPAI 27A Asquith Avenue FTPAIIIT FT Paintint Group Pty Ltd o4t822 69 0 3 O4YPAI 4 Hannis Road BBCPAIII BBC PAIIITIl{G PTY LTD 07 3887 4999 g7 3AOL 5888 04YPAr 2/3998 Pacific Highway ** END OF REPORT **",HECKENBERG NSW 2168,ROSEBERRY,NSW,2474,,,
Scaffolding,scaffolding,UtISPAII Unispan Australia Pty ftd,,,,,,,01YSCA
Scaffolding,scaffolding,2A MAVTS STREET HARSCOI BRAIID EIfERGY&II{FRASTRUCTIRE SERVICES (ilST) PTY LTD a9,,REVESBY,NSW,2212,02972946,,04YSCA
Scaffolding,scaffolding,306 WOODPARK ROAD BUILDBR Build Bnidge Pty Ltd 040463399L o4YSCA 143 Cnoydon Road HURSTVILLE N5tll 2220 KOHCHAT Kohinor Chatsrood Pty Ltd o2 a4t7 fa44,,SMITHF]ELD,NSW,2164,,,04YSCA
Scaffolding,scaffolding,46 Beaumont Road MOUNT KURING-6AI NStll 2089 VERTICn Verticraft ilSll Pty Ltd I 4429 9 826 5,,,,,,,04YSCA
Scaffolding,scaffolding,L8/L72 Bondi Road BONDI NSlll 2025 vERTIIIO VertiHork ilSt Pty Ltd g4L5 854 LOs,,,,,,,04YSCA
Scaffolding,scaffolding,"7 New Street BURWOOD N5W 2134 SCAFFCR Scaffct'aft Pty Ltd o467 477 L36 O4YSCA P0 Box 1L71 DARLINGHURST NSt""l 1300 ERECTSY ERECT SAFE SCAFFOLDTilC (5YDI{EY) PTY LTD 02 aaLa 3690 02 aaLa 3699 04Y5CA 130 GILBA ROAD 2-8 BROOKHOLLOW AVENUE llALooAC ilaloo Access Gnoup Pty Ltd 6 4322 60 6 4a",,GIRRAWEEN,NSW,2145,,,04YSCA
Scaffolding,scaffolding,130 GiIba Road GIRRAt|lEEN NS!\l 2145 f AT{ EAC LA]IE ACCESS GROUP PTY LTD (02)967L870A (02)e67L2981 04ySCA 32 TATTERSALL ROAD AU SHI AUSHIDE SCAFFOLDITG IISI PTY LTD  LO20,,KINGS PARK,NSW,2148,02 8880,,04YSCA
Scaffolding,scaffolding,342 Annangnove Road PRIIIEX PRIIIEX SCAFFOLDIT{G GROUP PTY LTD 13AO 744 639,,ROUSE HILL,NSW,2155,,,04YSCA
Scaffolding,scaffolding,118 5IR THOMAS MITCHELL D CHESTER HILL NShl 2152 IIACOKTI TACO KIIKFON1l LTllITED 02 9684 8888 02 9a9a A946 A4YSCA 1B Unwin stneet YAGACOR YAGA CORPORATIOTI PTY LTD L3AA 724 861,,ROSEHILL,NSW,2142,,,04YSCA
Scaffolding,scaffolding,409 KING GEORGES ROAD BEVERLY HILLS NStd 2209 AilCO AilCO Austnalia Group Pty Ltd 4466483964 O4YS CA 13 Geonge Young Stneet AUBURN NS!'l 2144 T EIDI R ller Dinection 5 Pty Ltd (az) 84Lt 30 44 O4YSCA 46 Beaumont Road MOUNT KURING-GAI NSl\l 2A8A AUSLscA Ausride Scaffolding Services Pty Ltd 02 aaaa Lo2a,,,,,,,04YSCA
Scaffolding,scaffolding,45A lensey Road AtlCOCMnco Civil Construction Pty Ltd 4466 483 964,,BRINGELLY,NSW,2556,,,01YSCA
Scaffolding,scaffolding,"Suite 23, Level 2 L-7 Jondan Stneet ACROI ACROI' FORIII'ORX & SCAFFOLDIT{G PTY LTD o2 97AO 65AA O2 9780 6499",,GLADESVILLE,NSW,2111,,,31YSCA
Scaffolding,scaffolding,2A MAVIS STREET REVESBY NS!'l 2212 +* END OF REP0RT **,,,,,,,
Steelfixing,steel_fixing,"GVKilSlt GV( rfstl REO PTY LTD 13007 aa7 6a o2aaf6a4s9 04YsTE UNIT 1 96-98 JEDDA ROAD TOPDECK Top Deck Group Pty Ltd 44697 7 539r O4YSTE 157 Aubunn Road AUBURN NSl\, 2144 FGATORK FGA IIORKFORCE PTY LTD a2 4267 3468 O4YSTE 7C, 101 R00KW00D RD AUSTSF AUSTRAL SF AUSTRALIA PTY LTD o4L460667 L 94Y5 T E 61 KINGSWAY KINGSGROVE N5ld 2268 AUSTGRP AUSTRAL SF GROUP PTY LTD a4r4 606 67L O4YS T E 61 Kingsway AUSTRSF Austral SF Pty Ltd o4052A6536 O4YSTE 61 Kingsway KINGSGROVE NSId 2208 COURTLY COURTLY REO PTY LITTITED 97 430843 97 434843 O4YSTE 8 PITT STREET c0NcoRD N5!\l 2137 TSGlISI TsG I{SI Services Pty Ltd a2 97ra o306 o4YSrE Suite 2 Level 1 352 Cantenbuny Road STEELCI STEEL CITY GROUP PTY LTD t3goa8t650 O4YSTE 51 LEYLANDS PARADE BELMORE NSld 2192 BLUESCO BLUESCOPE STEEL LTD (02) 427 s7 s22 OlYSTE Level 11 26 Flindens Stneet t+ END 0F REP0RT **",PRESTONS NSW 2L7 g,YAGOONA,NSW,2199,,,
Stress,post_tensioning,AUSTPOS AUSTRALIAT POST-TETISIOTII]IG PTY. LTD. o397,,,,,025 447,0387863329,04YSTR
Stress,post_tensioning,11 Technology Cincuit GVKltSlt GVK TST REO PTY LTD 43467 AA7 6A o24o364459 04Y5 T R UNIT 1 96-98 JEDDA ROAD PRESTONS N5W 2170 ITITERSP IIITERSPAII (]IST) PTY tTD 937317sA 8347 0297 04YS T R SUITE 5 .A4 77 DUNNING AVE T E ilCOll TElISIOXED COIICRETE PTY LTD  5727  s999,HALLAM VIC 3803,ROSEBERY,NSW,2018,07 3283,,04YSTR
Stress,post_tensioning,27 Canenon Street ** END OF REPORT ++,,CLONTARF,QLD,4919,,,
Tower Crane,tower_crane,"LIEBHER LIEBHERR-AUSTRALIA PTY.LTD. 82 9525 774L 02 9525 0278 04YTOl4l A32/L-3 ENDEAVOUR ROAD CARINGBAH NShI 2229 REDSGLl REDS GLOBAT (lISH) PTY LTD L3 009 4434L !3AOaA7 342 04YT0W 23L WISEMANS FERRY ROAD SOMERSBY NSld 2250 RESOLUT RESOLUTIOT{ RIGGING SERVICES PTY LTD o2427 t4343 o2427r47 46 04YT0W 8 RESOLUTION DRIVE CRAIIHIR Cnane Hine Group Pty Ltd o4!97 L3359 O4YTOW 7 Pank Road SEVEN HILLS NSl|l 2L47 EVE RII EVERTIILLIlIG TOIIER CRATES PTY LTD (02)98923377 (s2)98923966 O4yrOw I43-L45 !'lOODPARK ROAD SMITHFIELD NSt""l 2164 IIARR IIARR COIfTRACTIIIG PTY LTD (o2)9738s533 (A2)964s587s 04Yr0t^l 2 CHISHOLM ROAD SEFTON NS!\l 2152 ++ END 0F REPORT **",,UNANDERRA,NSW,2526,,,
Trade,general_construction,"DUKOIIGR The Trustee for Dukon Group Unit Trust 02 725r 0727 04YT RA T/As: Dukon 6noup Pty Ltd Unit 34 87 Railway Road EUROLIlI EUROLITIE PTY LIITITED (02)9748A344 (02)9748O5s1 04yTRA 108 ADDERLEY 5T WEST AUBURN NSt,'.l 2144 C&HGTOU C & H GROUP PTY LTD o2 9327 7677 04YT RA Unit 5 10 !'loods Avenue !'lOOLLAHRA NSbI 2025 COIIPROO Corputer Roor Solutions Pty Ltd r30a 367 9Af O4YT RA Suite 4.03, Level 4 15 Bourke Road PEilHIRE Penhine Pty Ltd o486Q41733 O4YT RA 9 Timben Grove I'IERRINGT0N DOtl'lNS NSt,l 2747 YAKKASU YAKKA SUPPLIES PTY LTD O4YT RA 19 Fourth Avenue SEVEN HILLS N5W 2147 SOUTHLA SOUTHERII LABOUR HIRE PTY LTD 04YT RA 98 Jubilee Dnive QUALIO5 QUALTTY RIGGIIIG SERVICES (AUSTRALIA) PTY LTD o2 8883 520r  5580",MULGRAVE NSW 2756,MASCOT,NSW,1460,02 8883,,04YTRA
Trade,general_construction,UNIT 2 12 SPEED!\lELL PLACE lllINDSOR DOtl'lNS NSId 2756 RIGTECH Rigtech Pty Ltd 83 939L g70A 04YT RA Unit 11-13 39 Chambers Road IIULHERI llulherin Ritgi.ng & Cranes Australia Pty Ltd I 4LA 49 5 434,,ALTONA NORTH VIC,3,025,,,94YTRA
Trade,general_construction,"38 Union cincuit ITATRIGG TATIO]IAL RIGGIIIG SERVICES PTY LTD a8 8447 7088 O4YTRA 96-LO6 GRAND TRUNK!'lAY AS PGRP ASPTRE FACADES GROUP ilSII PTY LTD o43A 823 9s) O4YTRA SE 1, L5, 25 BLIGH ST SYDNEY NShI 2OOO HIGHLIG HIGHLIGHT ALUilIIIIUII PTY LIIIITED a2 9627 9gA3  9",YATALA QLD 4207,GILLMAN SA 5Ot3,,5Ot3,02 9627,073,04YTRA
Trade,general_construction,"26 Victoria Street RIVERSTONE N5W 2765 AUSRISE Ausrise Installations Pty Ltd o42280f9 3 3 O4YTRA 6/5 CIenke Place KURNELL N5lll 2231 ORIELBU ORIEL BUTLDITIG SERVICES PTY LTD 02 9349 !408 02 9349 1427 a4YTRA 8 ROCHESTER STREET EIIVIROA EIIVIRO.ACOUSTICS PTY LTD a2 9623 4400 A2 9623 46A0 o4YTRA 2/29-33 CHARLES STREET HD RIGG HD RIGGI]IG PTY LTD 0452 554 55L O4YTRA UNIT 29 32 BELMORE ROAD IIOIIOSPR tlonospray Australia (ilSH) Pty Ltd o3 9558 6242 O4YTRA F3, 34-36 Buckland Stneet TIEIICAII I{EII CETITURY GROUP AUSTRALIA IT PTY LTD 429 6 649 657 O4YT RA 5/58 CO0K STREET KURNELL N5lll 2231 PRESPRE PRESTIGE PRECAST PTY LTD 8439666569 O4YTRA a/3 Kelso Cnescent savcot{ SAVCOII PTY LTD 8954 9383 04YT RA Unit 4/ 17 -2! He nderson St TIIIFIX TIITIFIX FACADES PTY LTD 04047 0r07 5 04YT RA 2/3 PAT DELVIN CLOSE CHIPPING NORTON NSt,l 2170 T'IlIDTEC I'IIIDTECH FACADE SOI-UTIOTIS PTY LTD a2 9742 59AA O4YT RA 11-15 GOULD ST ACTIOIIA Lhanton Corporation Pty- Ltd. o3 993L9740 O4YTRA T/As: Action Alliance 5O Cyanamid Street FRESHITO ADVAilCED PnECAST (I{Sll) PrY LTD 97 56563r 97 564654 O4YTRA 499 - 5AL VICTORIA ROAD WETHERILL PARK NStl'l 2164 CHOC E I CHOICE CEILITGS (ilST) PTY LTD  L347  1358",BOTANY NSW 2019,ST MARYS,NSW,2760,02 9723,,04YTRA
Trade,general_construction,3 LINNE PLACE HINCHINBROOK NSld 2168 HCRGROU ICR Group Australia Pty Ltd o40602 6 3 0L 04YT RA 25/4Q Anzac Stneet CHULLORA N5W 2190 ULTPREC Ultirate Precast Installations Pty Ltd A4L7 L4TL94 O4YTRA 4 Heron PIace QUARIGG Quality Rigging StructuraI Erectons Pty Ltd o438436089 O4YTRA 7 Bnesnihan Avenue NORTH KELLYVILLE NS!\l 2155 IilFIIICR Infinity Crane & Equiprent Hire Pty Ltd a423a4A7 65 O4YT RA Suite 55 195 ldellington Road SUSTAIII Sustainable Forces Pty Ltd o 40ao 44r3 a 04YT RA 14 Gannet Avenue P ROPAT The Trustee for The Ppo Patching Seryices a4L7 659033 O4YTRA T/Asi Pno Patching Services Unit 6 3a-44 Elizabeth Street WETHERILL PARK NS!\l 2164 XCEL ZJJ ilorinees Pty Ltd as Trustee foP The JfAZ Trust o42237 a7 5g 04YT RA T/As: XCEL Stnuctures L3/62 Argyle Stneet SOUTH WINDSOR NSld 2756 ** END OF REPORT **,DEE tlHY NSW 2099,. CLAYTON,VIC,3158,,,
Traffic,traffic_control,"ARGUSCS AnGUS COllSTRUCTrOll SERVTCES (ilSH) PTY LTD Laoa 464 476 O4YTRA T/As: ARGUS TRAFFIC 77/2 BTSHOP STREET ST PETERS NSt""l 2044 BAC (AII Backar Group Pty Ltd 02 9!6a 8007 O4YTRA r / Asi BACKAM GR0UP PTY LTD Suite 4.01 3 Fondham !\lay ORAN PARK NSt,'I 2570 COIIITERT COITIIERCIAL TC PTY LTD (a2)87f28444 (A2)87328448 04yrRA SUITE 4 LEVEL 9 1 RIDER BOULEVARD RHODES NShl 2138 TCLSUPP TCL SUPPORT SERVICES PTY LIilITED 9922s944 04YT RA 71 Alexanden Stneet HUNTERS HILL N5ld 2110 VARITRA VARI TRAFFIC PTY LTD a2 9790 3904 02 8458 6182 o4YTRA UNIT 3 42-59 VioIet St VTRAXSI VARI TRAFFIC ]IST PTY LTD L30009827 4 O4YTRA uNrT 3, 42-50 VT0LET ST REVESBY N5!\l 2212 HOR(PLA HORKPLACE TNAFFIC PTY LTD 7 3 083 45 8s7 04YT RA G2 89 _ 99 PRINCES HIGHWAY KOGARAH NSl'l 221.7 KPISERv KPI Senvices (l{SI) Pty Ltd O4YTRA Unit 22, 74 Thomsons Rd tlAtAPRO llanagerent and Ppoject Solutions Pty Ltd 02 8732 8444 04YT RA Suites 115-115 33 Lexington Drive BELLA VISTA N5tll 2153 +* END OF REP0RT *+",REVESBY NSW 2212,KEILOR PARK,VIC,3042,,,
Waterproofing,waterproofing,"POI-YTAT POLYSEAL IIATERPROOFITIG TECHIIOLOGIES PTY LIITITED a2a594 LOAO g2 A595 8660 o4YWAT LEVEL 1,295 PRINCESS HWY ST PETERS N5W 2044 SPATAT SPATOS AUSTRALIA PTY LTD 02 9630 2870 02 8399 729t A4YWAT UNIT 125 14 LOYALTY ROAD N0RTH ROCKS NSt'l 2L5L ++ END OF REPORT **",,,,,,,
